{
  "train_loss": [
    0.6764670211106099,
    0.3046763100720979,
    0.22919088892014744,
    0.20483432947818575,
    0.19119273354597574
  ],
  "train_acc": [
    78.81773399014779,
    88.63916256157636,
    90.88669950738917,
    91.11761083743842,
    91.6256157635468
  ],
  "val_loss": [
    1.1940039531029412,
    0.2132144120580177,
    2.859973033097599,
    0.0989119401121565,
    6.054946562984678
  ],
  "val_acc": [
    52.77177825773938,
    89.56083513318934,
    51.04391648668106,
    96.97624190064795,
    32.25341972642189
  ],
  "lr": [
    0.001,
    0.001,
    0.001,
    0.001,
    0.001
  ]
}