{
  "train_loss": [
    0.6764670211106099
  ],
  "train_acc": [
    78.81773399014779
  ],
  "val_loss": [
    1.1940039531029412
  ],
  "val_acc": [
    52.77177825773938
  ],
  "lr": [
    0.001
  ]
}